latency_ms,p50_ms,throughput_ips,n_iter,cpu_util_pct,ram_mb,gpu_mem_mb,task,size,device,gpu_power_w,precision
2.412,2.249,414.59,50,97.1,193.5,,matrix_mult,1000x1000,cpu,,fp32
17.813,17.734,56.14,50,100.0,213.2,,matrix_mult,2000x2000,cpu,,fp32
149.908,148.387,6.67,50,99.6,214.6,,matrix_mult,4000x4000,cpu,,fp32
5644.104,1968.017,0.18,50,47.4,785.9,,matrix_mult,8000x8000,cpu,,fp32
20.379,18.541,49.07,50,161.8,264.1,,image_classification,resnet18,1,cpu,,fp32
293.66,264.89,27.24,50,165.7,314.0,,image_classification,resnet18,8,cpu,,fp32
1571.606,1445.143,20.36,50,282.7,597.0,,image_classification,resnet18,32,cpu,,fp32
67.399,64.784,14.84,50,243.5,362.4,,object_detection,yolov8n,cpu,,fp32
2354.705,2018.753,0.425,5,139.2,298.1,,speech_recognition,tiny,15,0.157,cpu,,fp32
